Id,States/UTs,District,Year,Murder,Rape,Kidnapping_Abduction,Dacoity,Robbery,Theft,Riots,Dowry_Deaths,Assault_on_Women,major_crimes
0,Andhra Pradesh,Anantapur,2026,134,35,0,6,30,753,214,25,436,8376
1,Andhra Pradesh,Chittoor,2026,84,32,4,12,22,528,134,17,135,5374
2,Andhra Pradesh,Cuddapah,2026,80,28,0,3,16,638,104,16,215,5803
3,Andhra Pradesh,East Godavari,2026,64,85,0,3,24,903,27,7,519,7630
4,Andhra Pradesh,Guntakal Railway,2026,14,0,0,2,4,413,1,0,0,490
5,Andhra Pradesh,Guntur,2026,105,49,12,5,24,711,78,16,245,6897
6,Andhra Pradesh,Guntur Urban,2026,51,40,0,5,31,1045,8,12,160,5798
7,Andhra Pradesh,Krishna,2026,51,80,20,0,15,521,9,8,354,7078
8,Andhra Pradesh,Kurnool,2026,118,32,4,3,28,563,108,12,403,8398
9,Andhra Pradesh,Nellore,2026,78,58,71,8,44,1058,84,14,295,8175
10,Andhra Pradesh,Prakasham,2026,75,50,17,5,23,617,124,8,197,6367
11,Andhra Pradesh,Rajahmundry,2026,18,35,5,3,14,361,16,3,121,2430
12,Andhra Pradesh,Srikakulam,2026,30,40,26,0,8,236,17,3,214,4727
13,Andhra Pradesh,Tirupathi Urban,2026,35,18,3,2,8,1148,31,13,60,3651
14,Andhra Pradesh,Vijayawada City,2026,23,64,13,3,48,2016,2,10,279,7876
15,Andhra Pradesh,Vijayawada Railway,2026,1,0,3,0,7,1085,0,2,8,1223
16,Andhra Pradesh,Visakha Rural,2026,43,38,18,5,5,179,14,4,129,3028
17,Andhra Pradesh,Visakhapatnam,2026,38,84,130,4,46,1358,3,13,147,7728
18,Andhra Pradesh,Vizianagaram,2026,43,47,0,2,4,388,13,8,225,5013
19,Andhra Pradesh,West Godavari,2026,90,146,29,4,32,1096,26,24,405,8542
20,Andhra Pradesh,Total,2026,1175,961,355,75,433,15617,1013,215,4547,114604
21,Arunachal Pradesh,Anjaw,2026,0,0,0,0,0,2,1,0,1,29
22,Arunachal Pradesh,Changlang,2026,9,6,0,1,5,50,1,0,0,180
23,Arunachal Pradesh,Crime Branch,2026,0,0,0,0,0,0,0,0,0,4
24,Arunachal Pradesh,Dibang Valley,2026,0,1,0,0,0,0,0,0,0,4
25,Arunachal Pradesh,Kameng East,2026,4,1,0,2,4,18,0,0,6,148
26,Arunachal Pradesh,Kameng West,2026,7,0,0,1,3,21,8,0,9,140
27,Arunachal Pradesh,Kukung Kumey,2026,4,3,0,0,0,5,1,0,1,49
28,Arunachal Pradesh,Lohit,2026,10,7,0,1,8,39,3,0,13,280
29,Arunachal Pradesh,Longding,2026,4,3,5,1,1,5,0,0,3,92
30,Arunachal Pradesh,Lower Dibang Valley,2026,2,3,4,1,1,21,0,0,0,75
31,Arunachal Pradesh,Papum Pare City,2026,13,32,35,0,11,154,6,1,26,661
32,Arunachal Pradesh,Papum Pare Rural,2026,7,0,3,2,3,20,2,0,4,96
33,Arunachal Pradesh,Siang East,2026,5,11,1,0,3,49,0,0,21,245
34,Arunachal Pradesh,Siang Upper,2026,1,1,0,1,0,8,0,0,1,40
35,Arunachal Pradesh,Siang West,2026,10,6,0,0,4,29,4,0,11,249
36,Arunachal Pradesh,Subansiri Lower,2026,4,1,0,1,10,18,3,0,6,160
37,Arunachal Pradesh,Subansiri Upper,2026,3,5,0,1,5,33,4,0,16,234
38,Arunachal Pradesh,Tawang,2026,1,0,0,0,0,14,0,0,1,40
39,Arunachal Pradesh,Tirap,2026,2,3,3,0,3,12,0,0,2,117
40,Arunachal Pradesh,Total,2026,86,83,51,12,61,498,33,1,121,2843
41,Assam,Barpeta,2026,46,143,0,9,5,448,306,21,556,9056
42,Assam,Baska,2026,31,26,0,5,16,124,0,4,27,853
43,Assam,Bongaigaon,2026,17,31,0,3,12,190,15,4,8,1789
44,Assam,Cachar,2026,58,81,0,9,24,756,202,14,50,5640
45,Assam,Chirang,2026,37,29,0,3,6,95,19,7,33,863
46,Assam,Darrang,2026,33,111,0,6,17,363,82,11,453,3901
47,Assam,Dhemaji,2026,18,45,0,3,15,106,0,3,51,1068
48,Assam,Dhubri,2026,58,193,0,23,21,432,531,10,193,7153
49,Assam,Dibrugarh,2026,77,67,0,6,43,826,12,5,105,3108
50,Assam,G. R. P.,2026,9,1,0,3,2,187,5,0,0,319
51,Assam,Goalpara,2026,44,108,0,21,23,266,52,8,121,2623
52,Assam,Golaghat,2026,88,74,0,11,41,365,29,7,74,2932
53,Assam,Guwahati City,2026,84,100,0,20,247,3095,155,11,143,12216
54,Assam,Hailakandi,2026,24,77,0,3,3,178,287,4,23,1940
55,Assam,Jorhat,2026,30,36,0,8,76,518,7,6,157,3732
56,Assam,Kamrup,2026,65,77,0,14,63,727,0,1,15,2785
57,Assam,Karbi Anglong,2026,38,23,0,3,10,181,6,0,26,960
58,Assam,Karimganj,2026,33,75,0,14,8,199,57,13,10,2827
59,Assam,Kokrajhar,2026,60,45,0,5,7,229,10,3,47,1419
60,Assam,Lakhimpur,2026,40,67,0,1,7,236,37,4,55,2872
61,Assam,Morigaon,2026,28,81,0,8,12,234,130,7,328,2557
62,Assam,N. C. Hills,2026,76,6,0,0,5,46,4,0,0,299
63,Assam,Nagaon,2026,104,187,0,55,127,735,485,22,350,8399
64,Assam,Nalbari,2026,27,41,0,18,114,225,23,0,0,2122
65,Assam,Sibsagar,2026,80,44,0,3,42,599,31,6,153,4236
66,Assam,Sonitpur,2026,110,112,0,4,27,566,90,5,20,3906
67,Assam,Tinsukia,2026,90,66,0,6,45,679,47,3,66,3309
68,Assam,Udalguri,2026,46,34,0,3,20,132,18,9,35,1453
69,Assam,Total,2026,1451,1980,0,267,1038,12737,2640,188,3099,94337
70,Bihar,Araria,2026,53,35,0,16,28,310,306,17,1,3898
71,Bihar,Arwal,2026,25,6,0,5,8,78,82,11,4,991
72,Bihar,Aurangabad,2026,74,12,3,33,27,352,250,28,29,3079
73,Bihar,Bagaha,2026,21,14,20,2,8,147,123,7,38,1860
74,Bihar,Banka,2026,59,22,2,11,19,143,195,23,3,2505
75,Bihar,Begusarai,2026,121,30,48,26,60,598,461,28,37,5196
76,Bihar,Bettiah,2026,75,33,0,7,11,497,508,39,0,4712
77,Bihar,Bhabhua,2026,56,12,26,8,21,344,97,12,0,2267
78,Bihar,Bhagalpur,2026,102,52,35,13,42,677,348,20,31,4763
79,Bihar,Bhojpur,2026,116,32,13,12,23,520,205,46,7,5488
80,Bihar,Buxar,2026,56,16,14,6,32,438,358,24,13,3284
81,Bihar,Darbhanga,2026,71,50,0,12,36,585,621,30,8,5368
82,Bihar,Gaya,2026,145,48,0,50,77,1366,543,63,0,7232
83,Bihar,Gopalganj,2026,87,14,0,10,36,276,398,33,0,3879
84,Bihar,Jamalpur Railway,2026,9,0,0,3,3,195,1,0,3,298
85,Bihar,Jamui,2026,61,23,4,8,33,124,133,21,10,1699
86,Bihar,Jehanabad,2026,38,10,23,8,30,215,202,22,0,1968
87,Bihar,Katihar,2026,70,65,0,16,33,447,238,14,0,3415
88,Bihar,Katihar Railway,2026,10,0,0,1,8,182,4,0,11,313
89,Bihar,Khagaria,2026,52,14,13,10,19,165,172,17,2,2589
90,Bihar,Kishanganj,2026,46,64,14,7,12,261,171,12,22,1982
91,Bihar,Lakhisarai,2026,46,10,10,6,20,181,193,8,63,1728
92,Bihar,Madhepura,2026,44,10,8,3,37,185,225,8,8,2426
93,Bihar,Madhubani,2026,74,41,21,23,33,410,406,34,9,5113
94,Bihar,Motihari,2026,146,31,0,22,25,660,944,75,0,9490
95,Bihar,Munger,2026,46,11,9,4,28,199,195,8,5,1778
96,Bihar,Muzaffarpur,2026,185,44,0,28,134,2097,659,178,166,9373
97,Bihar,Muzaffarpur Railway,2026,18,2,6,4,1,316,7,2,1,596
98,Bihar,Nalanda,2026,107,29,51,9,58,464,328,59,4,6871
99,Bihar,Naugachia,2026,37,10,0,4,16,76,84,10,3,1732
100,Bihar,Nawadah,2026,84,22,14,7,61,269,338,22,10,3408
101,Bihar,Patna,2026,317,86,0,45,177,3952,636,83,0,19804
102,Bihar,Patna Railway,2026,23,1,0,4,10,803,5,5,13,1216
103,Bihar,Purnea,2026,75,66,0,9,37,449,321,26,30,5723
104,Bihar,Rohtas,2026,115,22,12,11,31,726,294,54,0,5197
105,Bihar,Saharsa,2026,41,14,0,1,27,289,549,19,0,3189
106,Bihar,Samastipur,2026,122,38,79,18,61,567,380,39,0,5664
107,Bihar,Saran,2026,144,37,0,16,53,617,442,83,0,5586
108,Bihar,Sheikhpura,2026,26,5,6,4,11,113,136,6,18,1325
109,Bihar,Sheohar,2026,13,8,0,5,9,89,62,6,16,778
110,Bihar,Sitamarhi,2026,91,11,19,20,63,579,345,29,0,5453
111,Bihar,Siwan,2026,103,17,0,12,57,549,425,64,7,5003
112,Bihar,Supaul,2026,64,32,68,6,23,274,573,22,0,3008
113,Bihar,Vaishali,2026,135,28,0,13,62,1104,603,66,0,6337
114,Bihar,Economic Offences Unit,2026,0,0,0,0,0,0,0,0,0,11
115,Bihar,Anti Terrorist Squad,2026,0,0,0,0,0,0,0,0,0,0
116,Bihar,Total,2026,3403,1127,518,538,1600,22888,13566,1373,572,177595
117,Chhattisgarh,Balod,2026,17,34,0,0,4,110,24,4,62,1479
118,Chhattisgarh,Balodbazar,2026,33,40,119,1,19,235,57,8,95,2578
119,Chhattisgarh,Balrampur,2026,55,111,0,0,6,54,11,5,62,1333
120,Chhattisgarh,Bemetra,2026,21,41,0,0,7,119,25,3,56,1645
121,Chhattisgarh,Bilaspur,2026,72,94,188,0,49,488,87,13,211,4870
122,Chhattisgarh,Bizapur,2026,38,6,9,3,0,8,0,0,2,343
123,Chhattisgarh,Dantewara,2026,22,11,8,2,1,25,9,0,9,442
124,Chhattisgarh,Dhamtari,2026,20,36,17,0,4,89,6,3,49,1300
125,Chhattisgarh,Durg,2026,50,84,126,4,56,813,44,12,254,6677
126,Chhattisgarh,Gariyaband,2026,15,42,12,2,4,45,12,3,31,948
127,Chhattisgarh,G. R. P. Raipur,2026,2,0,5,0,9,290,2,1,8,400
128,Chhattisgarh,Jagdalpur,2026,45,32,0,9,5,101,16,1,42,1580
129,Chhattisgarh,Janjgir,2026,48,64,112,2,20,243,102,20,141,3401
130,Chhattisgarh,Jashpur,2026,55,86,35,3,16,75,9,0,48,1225
131,Chhattisgarh,Kabirdham,2026,25,39,77,0,4,93,14,6,84,1573
132,Chhattisgarh,Kanker,2026,47,40,47,1,5,97,22,5,37,1253
133,Chhattisgarh,Kondagaon,2026,33,21,0,2,2,33,17,1,16,782
134,Chhattisgarh,Korba,2026,37,68,0,4,22,240,33,6,83,2572
135,Chhattisgarh,Koriya,2026,40,58,73,0,7,91,28,2,74,1707
136,Chhattisgarh,Mahasamund,2026,22,44,72,1,9,223,39,10,99,2469
137,Chhattisgarh,Mungali,2026,21,10,36,0,5,84,32,6,38,938
138,Chhattisgarh,Narayanpur,2026,5,7,5,3,1,8,0,0,6,222
139,Chhattisgarh,Raigarh,2026,74,121,0,5,21,331,81,7,140,3074
140,Chhattisgarh,Raipur,2026,49,141,226,4,76,1557,82,3,224,8306
141,Chhattisgarh,Rajnandgaon,2026,33,57,50,2,20,264,34,4,100,3255
142,Chhattisgarh,Sarguja,2026,61,94,30,0,16,124,0,4,76,1835
143,Chhattisgarh,Sukma,2026,20,5,5,7,5,10,0,0,5,240
144,Chhattisgarh,Surajpur,2026,38,50,22,3,12,248,23,1,70,1753
145,Chhattisgarh,Total,2026,998,1436,1274,58,405,6098,809,128,2122,58200
146,Goa,North Goa,2026,20,55,84,8,13,733,95,0,146,2805
147,Goa,South Goa,2026,14,37,50,5,19,368,38,0,53,1549
148,Goa,C. I. D.,2026,0,3,0,0,0,53,0,0,3,112
149,Goa,Total,2026,34,95,134,13,32,1154,133,0,202,4466
150,Gujarat,Ahmedabad City,2026,82,100,102,18,261,2589,87,11,162,15286
151,Gujarat,Ahmedabad Rural,2026,27,18,35,9,17,221,40,0,31,4266
152,Gujarat,Amreli,2026,26,7,6,0,17,93,23,0,21,1818
153,Gujarat,Anand,2026,37,12,1,7,31,354,37,0,21,3415
154,Gujarat,Arvalli,2026,28,5,8,4,5,85,6,0,19,3841
155,Gujarat,Banaskantha,2026,51,56,0,18,79,389,71,0,90,4464
156,Gujarat,Bharuch,2026,47,42,12,10,29,406,53,0,49,2981
157,Gujarat,Bhavnagar,2026,39,17,0,13,39,361,54,0,39,3589
158,Gujarat,Botad,2026,13,11,24,2,4,57,9,0,11,783
159,Gujarat,Chhotaudepur,2026,22,15,1,4,6,110,7,0,11,1144
160,Gujarat,C. I. D. Crime,2026,2,0,0,0,0,0,0,0,0,8
161,Gujarat,Dahod,2026,45,27,76,21,37,218,32,0,28,2594
162,Gujarat,Dang,2026,10,4,1,0,0,12,4,1,6,283
163,Gujarat,Devbhumi Dwarka,2026,9,3,1,1,6,47,24,0,14,1106
164,Gujarat,Gandhinagar,2026,20,17,4,2,61,367,48,0,22,7451
165,Gujarat,Gir Somnath,2026,17,17,22,5,20,80,29,1,30,1405
166,Gujarat,Jamnagar,2026,23,34,0,16,17,282,47,1,26,3752
167,Gujarat,Junagadh,2026,13,21,33,5,25,150,40,0,42,2497
168,Gujarat,Kachchh East(G),2026,35,31,0,3,23,345,46,0,34,3349
169,Gujarat,Kachchh West(B),2026,16,18,11,2,15,237,58,0,27,2269
170,Gujarat,Kheda,2026,22,12,68,9,5,173,34,0,29,3614
171,Gujarat,Mahisagar,2026,18,10,8,3,4,32,11,0,15,1040
172,Gujarat,Mehsana,2026,24,6,47,16,66,544,81,0,42,6587
173,Gujarat,Morbi,2026,31,9,8,6,6,177,19,3,17,2332
174,Gujarat,Narmada,2026,12,8,0,0,0,40,10,0,21,664
175,Gujarat,Navsari,2026,19,15,7,7,9,227,19,0,19,1730
176,Gujarat,Panchmahal,2026,34,24,66,6,8,160,23,0,28,2634
177,Gujarat,Patan,2026,17,25,36,14,25,261,28,1,51,2117
178,Gujarat,Porbandar,2026,8,8,17,1,11,57,19,1,18,913
179,Gujarat,Rajkot City,2026,43,17,27,7,91,835,61,0,31,3516
180,Gujarat,Rajkot Rural,2026,24,30,0,7,24,211,44,1,36,2891
181,Gujarat,Sabarkantha,2026,22,10,26,4,20,197,26,0,33,5647
182,Gujarat,Surat City,2026,85,94,123,14,30,1315,40,2,70,4397
183,Gujarat,Surat Rural,2026,52,21,8,13,32,477,26,0,34,3810
184,Gujarat,Surendranagar,2026,34,22,10,8,15,232,55,0,36,2476
185,Gujarat,Tapi,2026,13,15,0,2,3,112,12,0,9,986
186,Gujarat,Vadodara City,2026,23,23,22,10,117,1242,60,1,109,12651
187,Gujarat,Vadodara Rural,2026,24,11,0,7,7,158,28,0,36,2896
188,Gujarat,Valsad,2026,43,26,55,18,29,567,43,0,27,3072
189,Gujarat,W.Rly  Ahmedabad,2026,9,0,0,0,11,357,0,0,6,454
190,Gujarat,W.Rly Vadodara,2026,5,0,3,4,4,560,0,0,2,657
191,Gujarat,Total,2026,1124,841,868,296,1209,14337,1354,23,1352,131385
192,Haryana,Ambala (Rural),2026,15,25,0,2,4,194,0,9,17,1098
193,Haryana,Ambala (Urban),2026,25,31,0,0,16,430,6,8,23,1977
194,Haryana,Bhiwani,2026,62,44,0,7,54,822,219,12,99,4604
195,Haryana,Faridabad,2026,64,101,3,7,40,2079,207,20,94,6000
196,Haryana,Fatehabad,2026,20,27,0,4,16,300,92,7,56,2431
197,Haryana,G. R. P.,2026,26,1,0,1,31,375,4,8,17,1139
198,Haryana,Gurgaon,2026,96,117,72,28,119,4815,172,19,155,11444
199,Haryana,Hissar,2026,66,55,1,12,39,1191,164,14,91,5608
200,Haryana,Jhajjar,2026,69,56,0,3,28,427,32,25,47,2100
201,Haryana,Jind,2026,49,23,0,6,37,533,150,12,67,2892
202,Haryana,Kaithal,2026,47,33,1,2,11,352,0,10,58,1922
203,Haryana,Karnal,2026,53,100,0,6,24,976,21,17,95,4047
204,Haryana,Kurukshetra,2026,30,35,0,4,21,631,0,6,59,2581
205,Haryana,Mahendergarh,2026,38,24,0,8,26,445,93,15,78,2262
206,Haryana,Mewat,2026,33,85,4,13,27,452,224,5,86,2414
207,Haryana,Palwal,2026,52,49,0,9,53,844,243,16,96,3247
208,Haryana,Panchkula,2026,14,36,0,7,73,357,0,5,30,1594
209,Haryana,Panipat,2026,53,64,2,11,49,1207,110,18,97,4654
210,Haryana,Rewari,2026,27,41,0,10,53,670,64,11,65,2781
211,Haryana,Rohtak,2026,76,68,2,9,43,984,110,16,98,3820
212,Haryana,Sirsa,2026,36,49,63,8,25,543,19,5,86,3482
213,Haryana,Sonipat,2026,110,60,0,9,54,940,10,28,98,4311
214,Haryana,Yamunanagar,2026,45,50,1,6,31,747,4,7,76,3347
215,Haryana,Irrigation & Power,2026,0,0,0,0,0,0,0,0,0,192
216,Haryana,Total,2026,1106,1174,149,172,874,20314,1944,293,1688,79947
217,Himachal Pradesh,Baddi,2026,13,9,5,0,3,41,42,0,15,651
218,Himachal Pradesh,Bilaspur,2026,4,15,3,0,0,39,36,0,72,1185
219,Himachal Pradesh,Chamba,2026,8,23,0,0,1,31,38,0,27,761
220,Himachal Pradesh,C. I. D.,2026,0,1,0,0,0,0,0,0,0,4
221,Himachal Pradesh,G. R. P.,2026,1,0,0,0,0,1,0,0,0,9
222,Himachal Pradesh,Hamirpur,2026,12,13,18,0,0,32,14,0,32,845
223,Himachal Pradesh,Kangra,2026,26,43,0,1,2,107,78,0,79,2698
224,Himachal Pradesh,Kinnaur,2026,2,10,4,0,1,11,6,0,5,211
225,Himachal Pradesh,Kullu,2026,9,16,0,0,0,49,26,0,35,914
226,Himachal Pradesh,Lahaul & Spiti,2026,2,0,1,0,0,1,0,0,0,84
227,Himachal Pradesh,Mandi,2026,15,47,13,1,0,57,51,0,101,1939
228,Himachal Pradesh,Shimla,2026,18,39,13,0,6,116,78,0,64,1957
229,Himachal Pradesh,Sirmaur,2026,6,28,0,0,2,48,41,0,46,872
230,Himachal Pradesh,Solan,2026,5,16,10,1,0,73,30,0,31,947
231,Himachal Pradesh,Una,2026,9,23,2,1,1,46,38,1,31,1083
232,Himachal Pradesh,Total,2026,130,283,69,4,16,652,478,1,538,14160
233,Jammu & Kashmir,Anantnag,2026,9,19,35,0,0,90,180,0,123,1307
234,Jammu & Kashmir,Awantipora,2026,9,6,0,0,3,31,15,0,19,389
235,Jammu & Kashmir,Bandipora,2026,2,4,0,0,1,34,65,0,53,618
236,Jammu & Kashmir,Baramulla,2026,2,10,33,0,11,81,151,0,83,1110
237,Jammu & Kashmir,Budgam,2026,11,9,0,0,2,78,145,0,30,1026
238,Jammu & Kashmir,Crime Jammu,2026,0,0,0,0,0,0,0,0,0,14
239,Jammu & Kashmir,Crime Srinagar,2026,1,1,0,0,0,0,0,0,0,43
240,Jammu & Kashmir,Doda,2026,3,23,16,0,0,44,3,0,60,667
241,Jammu & Kashmir,Ganderbal,2026,2,0,0,1,0,26,50,0,54,473
242,Jammu & Kashmir,Handwara,2026,3,3,0,0,2,44,53,0,80,562
243,Jammu & Kashmir,Jammu,2026,21,68,0,1,6,399,71,4,81,4238
244,Jammu & Kashmir,Kargil,2026,1,2,0,0,0,3,11,0,0,105
245,Jammu & Kashmir,Kathua,2026,13,18,33,0,0,69,39,1,43,1289
246,Jammu & Kashmir,Kishtwar,2026,0,6,18,0,0,21,2,0,23,388
247,Jammu & Kashmir,Kulgam,2026,4,7,39,0,12,48,78,0,171,856
248,Jammu & Kashmir,Kupwara,2026,7,8,0,0,0,34,159,0,61,710
249,Jammu & Kashmir,Leh,2026,1,6,0,0,0,8,4,0,3,166
250,Jammu & Kashmir,Poonch,2026,8,13,10,0,0,30,85,0,42,842
251,Jammu & Kashmir,Pulwama,2026,5,7,20,0,5,20,63,0,20,354
252,Jammu & Kashmir,Railways Jammu,2026,1,0,0,0,0,7,0,0,1,16
253,Jammu & Kashmir,Railways Kashmir,2026,0,0,0,0,0,1,3,0,2,13
254,Jammu & Kashmir,Railways Katra,2026,0,0,0,0,0,1,0,0,0,6
255,Jammu & Kashmir,Rajouri,2026,18,39,0,3,1,56,34,0,65,1751
256,Jammu & Kashmir,Ramban,2026,3,8,8,0,0,41,2,0,25,674
257,Jammu & Kashmir,Reasi,2026,1,16,14,0,0,34,28,0,18,753
258,Jammu & Kashmir,Samba,2026,4,7,6,0,1,33,34,0,10,653
259,Jammu & Kashmir,Shopian,2026,5,1,9,0,6,49,74,0,30,501
260,Jammu & Kashmir,Sopore,2026,9,8,0,0,3,62,45,0,83,634
261,Jammu & Kashmir,Srinagar,2026,5,12,37,1,36,375,130,0,218,2533
262,Jammu & Kashmir,Udhampur,2026,8,30,9,0,0,54,3,0,23,1157
263,Jammu & Kashmir,Total,2026,156,331,287,6,89,1773,1527,5,1421,23848
264,Jharkhand,Bokaro,2026,43,63,0,6,41,752,136,18,0,3145
265,Jharkhand,Chaibasa,2026,120,54,0,11,16,163,0,2,22,954
266,Jharkhand,Chatra,2026,59,18,0,6,8,141,86,62,19,1284
267,Jharkhand,Deoghar,2026,43,25,0,10,17,343,91,28,21,2300
268,Jharkhand,Dhanbad,2026,79,54,0,34,48,1052,225,28,54,4929
269,Jharkhand,Dhanbad Railway,2026,13,0,0,13,7,221,0,2,6,365
270,Jharkhand,Dumka,2026,59,39,9,10,5,239,62,11,9,1592
271,Jharkhand,Garhwa,2026,67,50,0,3,30,154,143,25,19,2582
272,Jharkhand,Giridih,2026,72,58,0,20,35,284,199,40,39,3491
273,Jharkhand,Godda,2026,50,34,0,3,6,147,74,3,0,1710
274,Jharkhand,Gumla,2026,187,67,2,6,34,140,13,1,15,1200
275,Jharkhand,Hazaribagh,2026,60,52,12,25,25,459,97,23,50,3039
276,Jharkhand,Jamshedpur,2026,100,55,8,11,43,909,99,13,47,3985
277,Jharkhand,Jamshedpur Railway,2026,11,0,5,0,4,118,0,0,2,188
278,Jharkhand,Jamtara,2026,18,27,7,2,6,123,111,10,29,1032
279,Jharkhand,Khunti,2026,84,7,2,1,19,38,36,2,3,419
280,Jharkhand,Koderma,2026,25,15,6,11,11,125,78,16,0,1344
281,Jharkhand,Latehar,2026,41,25,37,6,9,107,46,8,0,859
282,Jharkhand,Lohardagga,2026,40,43,0,3,13,75,5,2,5,536
283,Jharkhand,Pakur,2026,30,55,3,1,5,74,58,1,12,839
284,Jharkhand,Palamu,2026,77,44,5,22,43,203,122,19,15,2556
285,Jharkhand,Ramgarh,2026,40,48,4,21,10,298,103,11,20,1488
286,Jharkhand,Ranchi,2026,133,75,0,11,50,518,90,13,1,2447
287,Jharkhand,Sahebganj,2026,72,87,0,3,9,116,69,4,20,1522
288,Jharkhand,Saraikela,2026,58,31,0,3,11,207,18,7,27,1108
289,Jharkhand,Simdega,2026,77,24,0,2,16,40,14,1,5,421
290,Jharkhand,Total,2026,1658,1050,100,244,521,7046,1975,350,440,45335
291,Karnataka,Bagalkot,2026,39,22,0,1,17,161,208,4,96,2131
292,Karnataka,Bengaluru City,2026,241,104,607,51,1067,11455,388,57,680,31892
293,Karnataka,Bengaluru District,2026,78,60,14,25,145,667,248,22,135,5567
294,Karnataka,Belagavi District,2026,75,59,6,19,40,326,447,4,233,4851
295,Karnataka,Ballari,2026,58,48,8,6,49,380,233,12,121,3304
296,Karnataka,Bidar,2026,44,33,6,3,38,250,227,10,82,4333
297,Karnataka,Vijayapura,2026,64,45,26,4,48,151,276,7,127,2931
298,Karnataka,Chikkaballapura,2026,32,36,0,6,21,231,181,10,106,2405
299,Karnataka,Chamarajnagar,2026,28,11,9,1,7,138,87,5,92,1607
300,Karnataka,Chikkamagaluru,2026,39,30,34,10,34,215,97,5,172,2878
301,Karnataka,Chitradurga,2026,47,24,0,4,24,266,244,17,241,3981
302,Karnataka,Dakshina Kannada,2026,26,40,3,4,19,91,148,1,70,2087
303,Karnataka,Davanagere,2026,45,40,30,7,45,439,290,9,211,3635
304,Karnataka,Dharwad,2026,24,23,8,4,9,69,127,3,32,1219
305,Karnataka,Gadag,2026,12,15,0,2,14,82,92,2,31,1109
306,Karnataka,Kalaburgi,2026,75,53,29,4,67,307,1,14,145,4448
307,Karnataka,Hassan,2026,64,63,0,11,33,344,157,11,251,5182
308,Karnataka,Haveri,2026,28,40,0,10,12,253,250,10,94,2201
309,Karnataka,Hubballi Dharwad City,2026,20,21,0,4,72,321,109,7,31,1936
310,Karnataka,K.G.F.,2026,13,20,6,2,19,70,40,1,21,777
311,Karnataka,Kodagu,2026,33,25,0,1,9,128,32,1,60,1824
312,Karnataka,Kolar,2026,35,32,0,2,42,184,220,8,67,2188
313,Karnataka,Koppal,2026,26,28,0,5,12,188,175,4,34,1883
314,Karnataka,Mandya,2026,41,36,50,17,61,421,230,11,278,4984
315,Karnataka,Mangaluru City,2026,30,25,0,18,57,230,128,1,72,3039
316,Karnataka,Mysuru City,2026,24,41,0,6,73,542,72,3,87,2766
317,Karnataka,Mysuru District,2026,52,41,0,5,28,496,266,20,201,4118
318,Karnataka,Raichur,2026,53,55,12,3,10,209,306,5,198,3128
319,Karnataka,K.Railways,2026,13,1,0,8,96,712,0,1,9,948
320,Karnataka,Ramanagar,2026,73,43,37,13,81,454,221,12,142,4249
321,Karnataka,Shimoga,2026,50,58,38,12,60,326,350,8,404,6043
322,Karnataka,Tumakuru,2026,55,36,0,7,50,293,197,15,242,4523
323,Karnataka,Udupi,2026,22,28,11,6,38,126,79,3,111,2496
324,Karnataka,Uttara Kannada,2026,21,25,29,4,29,111,103,0,154,2783
325,Karnataka,Yadgiri,2026,31,41,0,2,13,68,122,2,148,1496
326,Karnataka,Belagavi City,2026,25,22,3,5,77,315,169,8,85,2396
327,Karnataka,Total,2026,1636,1324,966,292,2516,21019,6520,313,5263,137338
328,Kerala,Alapuzha,2026,19,61,0,13,54,226,238,0,245,11033
329,Kerala,Ernakulam Commr.,2026,13,64,0,2,17,331,57,0,158,17088
330,Kerala,Ernakulam Rural,2026,19,71,0,3,32,363,321,0,224,20185
331,Kerala,Idukki,2026,20,71,0,0,26,144,216,2,186,5264
332,Kerala,Kannur,2026,22,59,0,1,83,149,745,1,222,6716
333,Kerala,Kasargod,2026,16,59,2,6,32,161,422,0,123,5016
334,Kerala,Kollam Commr.,2026,10,78,0,2,63,143,301,1,287,9314
335,Kerala,Kollam Rural,2026,28,81,0,2,32,161,293,2,240,7910
336,Kerala,Kottayam,2026,17,75,0,6,38,235,186,0,204,17769
337,Kerala,Kozhikode Commr.,2026,8,35,1,0,52,282,220,1,107,4665
338,Kerala,Kozhikode Rural,2026,9,52,0,2,36,203,408,0,226,5391
339,Kerala,Malappuram,2026,19,103,0,1,34,310,682,1,346,18057
340,Kerala,Palakkad,2026,23,88,8,5,52,308,473,7,182,14780
341,Kerala,Pathanamthitta,2026,11,63,0,6,41,228,89,0,163,8533
342,Kerala,Railways,2026,3,0,0,0,12,299,7,0,74,508
343,Kerala,Thrissur Commr.,2026,17,38,0,5,34,165,98,0,109,6548
344,Kerala,Thrissur Rural,2026,24,94,0,1,68,263,278,2,298,20117
345,Kerala,Trivandrum Commr.,2026,13,56,10,1,59,325,226,2,254,12504
346,Kerala,Trivandrum Rural,2026,45,122,7,11,83,338,416,6,581,12024
347,Kerala,Wayanadu,2026,9,75,13,2,21,64,143,0,134,3182
348,Kerala,Crime Branch,2026,22,2,0,2,0,2,1,3,4,185
349,Kerala,Total,2026,367,1347,41,71,869,4700,5820,28,4367,206789
350,Madhya Pradesh,Agar,2026,5,28,12,0,5,142,20,2,56,1652
351,Madhya Pradesh,Alirajpur,2026,46,17,0,4,10,94,9,0,15,1161
352,Madhya Pradesh,Anuppur,2026,35,70,76,1,23,187,24,7,121,2666
353,Madhya Pradesh,Ashok Nagar,2026,29,76,66,1,15,125,26,12,171,3366
354,Madhya Pradesh,Balaghat,2026,60,131,179,1,16,136,41,12,178,3507
355,Madhya Pradesh,Barwani,2026,44,68,14,1,7,222,22,4,92,2857
356,Madhya Pradesh,Betul,2026,63,164,0,0,19,339,2,9,417,6822
357,Madhya Pradesh,Bhind,2026,62,78,59,6,92,418,71,30,142,4870
358,Madhya Pradesh,Bhopal,2026,83,223,0,9,113,3010,62,20,343,16094
359,Madhya Pradesh,Bhopal Railway,2026,4,3,0,1,20,1670,4,0,19,2067
360,Madhya Pradesh,Burhanpur,2026,20,46,0,3,5,121,8,5,90,1958
361,Madhya Pradesh,Chhatarpur,2026,44,78,181,0,35,217,28,22,232,4463
362,Madhya Pradesh,Chhindwara,2026,73,205,230,1,13,289,42,9,241,6149
363,Madhya Pradesh,Damoh,2026,33,46,109,0,11,112,10,31,137,2702
364,Madhya Pradesh,Datia,2026,42,34,66,3,48,145,17,14,88,2783
365,Madhya Pradesh,Dewas,2026,64,121,13,0,14,511,48,10,216,7426
366,Madhya Pradesh,Dhar,2026,51,138,0,5,76,857,65,15,244,7479
367,Madhya Pradesh,Dindori,2026,24,91,45,0,5,83,11,4,162,3851
368,Madhya Pradesh,Guna,2026,46,123,172,4,34,409,52,12,168,4539
369,Madhya Pradesh,Gwalior,2026,78,158,83,7,99,1821,108,36,364,12958
370,Madhya Pradesh,Harda,2026,12,47,79,0,8,80,10,5,82,2016
371,Madhya Pradesh,Hoshangabad,2026,59,102,80,3,42,416,38,6,183,4870
372,Madhya Pradesh,Indore,2026,115,261,420,3,317,6530,82,37,411,23992
373,Madhya Pradesh,Indore Railway,2026,1,4,0,2,4,434,0,0,9,552
374,Madhya Pradesh,Jabalpur,2026,92,194,172,2,137,1025,69,34,374,12918
375,Madhya Pradesh,Jabalpur Railway,2026,3,4,0,1,37,909,1,0,21,1159
376,Madhya Pradesh,Jhabua,2026,33,52,0,2,45,196,29,0,98,2990
377,Madhya Pradesh,Katni,2026,35,93,118,1,15,161,8,18,178,3670
378,Madhya Pradesh,Khandwa,2026,31,84,0,3,17,357,39,6,270,4011
379,Madhya Pradesh,Khargone,2026,42,118,0,0,18,425,23,43,247,4533
380,Madhya Pradesh,Mandla,2026,36,64,0,0,5,57,6,6,99,2220
381,Madhya Pradesh,Mandsaur,2026,30,90,0,4,9,368,25,5,183,5565
382,Madhya Pradesh,Morena,2026,43,43,0,6,69,503,101,30,131,5944
383,Madhya Pradesh,Narsinghpur,2026,40,113,0,0,7,145,21,20,165,3777
384,Madhya Pradesh,Neemuch,2026,8,47,27,0,9,250,17,3,88,2986
385,Madhya Pradesh,Panna,2026,29,41,145,0,14,73,1,10,84,2063
386,Madhya Pradesh,Raisen,2026,46,161,28,3,21,340,36,5,225,5204
387,Madhya Pradesh,Rajgarh,2026,28,94,0,2,24,363,41,5,235,5529
388,Madhya Pradesh,Ratlam,2026,36,69,39,5,31,339,38,5,151,4560
389,Madhya Pradesh,Rewa,2026,73,110,228,4,97,562,44,36,169,6678
390,Madhya Pradesh,Sagar,2026,75,126,44,0,23,439,85,35,405,7674
391,Madhya Pradesh,Satna,2026,69,187,0,4,67,495,68,30,254,7539
392,Madhya Pradesh,Seoni,2026,29,83,0,0,5,181,19,9,137,3484
393,Madhya Pradesh,Shahdol,2026,36,122,122,1,32,334,26,16,272,5240
394,Madhya Pradesh,Shajapur,2026,20,68,16,0,15,314,29,7,139,3754
395,Madhya Pradesh,Sheopur,2026,18,23,13,3,6,92,26,5,57,1578
396,Madhya Pradesh,Shivpuri,2026,55,101,0,3,52,389,63,11,269,5836
397,Madhya Pradesh,Sidhi,2026,31,40,28,0,21,107,13,14,100,3576
398,Madhya Pradesh,Sehore,2026,33,124,71,0,21,472,39,12,162,5006
399,Madhya Pradesh,Singrauli,2026,42,88,0,0,15,231,37,17,97,3349
400,Madhya Pradesh,Tikamgarh,2026,36,92,79,1,25,128,35,15,133,3458
401,Madhya Pradesh,Ujjain,2026,67,126,68,3,54,1103,66,11,282,9141
402,Madhya Pradesh,Umaria,2026,17,51,49,1,12,78,11,2,104,2172
403,Madhya Pradesh,Vidisha,2026,48,156,93,1,35,440,34,21,299,6009
404,Madhya Pradesh,Cyber Cell,2026,0,0,0,0,0,0,0,0,0,0
405,Madhya Pradesh,Total,2026,2274,5076,3224,105,1969,29244,1850,733,9609,272423
406,Maharashtra,Ahmednagar,2026,109,103,30,44,274,1519,457,13,269,6957
407,Maharashtra,Akola,2026,52,52,17,14,108,736,97,5,219,4433
408,Maharashtra,Amravati Commr.,2026,27,27,20,2,56,815,13,1,132,3338
409,Maharashtra,Amravati Rural,2026,51,103,32,6,42,1221,43,8,415,6948
410,Maharashtra,Aurangabad Commr.,2026,35,27,32,25,204,1419,134,2,227,4821
411,Maharashtra,Aurangabad Rural,2026,49,31,12,18,41,917,264,7,177,4237
412,Maharashtra,Beed,2026,75,70,19,21,94,678,266,3,273,4864
413,Maharashtra,Bhandara,2026,20,28,15,1,25,476,19,3,73,2003
414,Maharashtra,Buldhana,2026,59,57,9,12,44,669,186,22,253,4453
415,Maharashtra,Chandrapur,2026,51,99,0,9,41,751,53,2,224,4441
416,Maharashtra,Dhule,2026,38,35,0,32,56,366,166,11,98,2818
417,Maharashtra,Gadchiroli,2026,54,22,0,4,8,102,9,0,32,875
418,Maharashtra,Gondia,2026,33,58,0,1,20,313,13,6,113,1836
419,Maharashtra,Hingoli,2026,27,24,12,2,19,128,66,4,80,1761
420,Maharashtra,Jalgaon,2026,80,66,0,43,129,999,327,1,347,6531
421,Maharashtra,Jalna,2026,64,33,7,12,75,582,120,13,185,3372
422,Maharashtra,Kolhapur,2026,64,84,7,18,236,883,273,8,176,4942
423,Maharashtra,Latur,2026,74,57,0,31,79,549,246,4,174,4070
424,Maharashtra,Mumbai Commr.,2026,183,607,451,34,2094,10101,409,22,1626,40361
425,Maharashtra,Mumbai Railway,2026,17,1,17,0,573,2247,6,0,55,3141
426,Maharashtra,Nagpur Commr.,2026,103,113,97,16,505,2962,147,10,279,10359
427,Maharashtra,Nagpur Railway,2026,2,3,0,6,80,1531,7,0,20,1768
428,Maharashtra,Nagpur Rural,2026,69,65,13,7,65,1024,60,4,187,4564
429,Maharashtra,Nanded,2026,73,43,0,8,62,511,192,6,147,4600
430,Maharashtra,Nandurbar,2026,36,25,4,6,13,157,89,2,36,1425
431,Maharashtra,Nasik Commr.,2026,26,28,50,13,124,1053,64,3,101,3883
432,Maharashtra,Nasik Rural,2026,98,87,41,27,103,888,375,17,224,6832
433,Maharashtra,Navi Mumbai,2026,51,88,134,17,411,1447,89,6,158,5903
434,Maharashtra,Osmanabad,2026,39,43,14,19,40,427,148,5,126,2825
435,Maharashtra,Palghar,2026,85,98,52,21,211,1071,220,1,183,4692
436,Maharashtra,Parbhani,2026,44,38,15,26,48,488,157,5,140,3606
437,Maharashtra,Pune Commr.,2026,138,189,106,92,873,4867,259,20,454,14468
438,Maharashtra,Pune Railway,2026,8,2,3,8,56,543,3,1,5,676
439,Maharashtra,Pune Rural,2026,153,147,144,87,251,2592,609,13,356,10334
440,Maharashtra,Raigad,2026,31,47,41,6,72,429,146,2,99,2601
441,Maharashtra,Ratnagiri,2026,11,34,18,2,38,256,66,0,59,1568
442,Maharashtra,Sangli,2026,50,66,19,11,63,608,218,6,157,5171
443,Maharashtra,Satara,2026,67,97,40,46,234,1254,340,4,241,6062
444,Maharashtra,Sindhudurg,2026,7,12,1,5,16,132,24,0,42,789
445,Maharashtra,Solapur Commr.,2026,21,39,18,10,123,586,111,3,52,2186
446,Maharashtra,Solapur Rural,2026,87,97,13,22,68,1062,431,2,227,6235
447,Maharashtra,Thane Commr.,2026,117,215,317,35,1315,3167,338,13,559,13227
448,Maharashtra,Thane Rural,2026,51,75,63,27,230,641,168,3,165,3641
449,Maharashtra,Wardha,2026,35,62,0,14,50,800,41,1,192,3687
450,Maharashtra,Washim,2026,31,33,16,6,51,466,94,5,178,2579
451,Maharashtra,Yavatmal,2026,75,108,42,19,146,1850,197,12,466,9951
452,Maharashtra,Total,2026,2670,3438,1941,885,9466,56283,7760,279,10001,249834
453,Manipur,Bishnupur,2026,12,9,0,0,0,50,6,0,6,307
454,Manipur,Chandel,2026,4,0,0,0,0,12,3,0,1,70
455,Manipur,Churachandpur,2026,13,5,0,0,0,29,1,0,3,130
456,Manipur,C. I. D.,2026,0,0,0,0,0,0,0,0,0,0
457,Manipur,Imphal East,2026,13,20,0,0,0,251,15,1,7,645
458,Manipur,Imphal West,2026,20,20,7,0,4,475,42,0,44,1417
459,Manipur,Senapati,2026,5,1,0,0,3,11,3,0,2,121
460,Manipur,Tamenglong,2026,4,0,0,0,0,12,1,0,0,125
461,Manipur,Thoubal,2026,15,19,0,0,0,157,29,0,35,768
462,Manipur,Ukhrul,2026,10,1,0,0,0,4,1,0,0,58
463,Manipur,Total,2026,96,75,7,0,7,1001,101,1,98,3641
464,Meghalaya,Garo Hills East,2026,7,3,0,3,6,57,0,0,3,159
465,Meghalaya,Garo Hills North,2026,14,3,0,5,2,24,0,0,8,165
466,Meghalaya,Garo Hills South,2026,19,3,0,4,2,21,3,0,3,167
467,Meghalaya,Garo Hills South West,2026,5,4,4,5,2,7,0,0,8,65
468,Meghalaya,Garo Hills West,2026,28,11,0,9,13,72,2,0,11,532
469,Meghalaya,Jaintia Hills West,2026,18,10,0,0,3,55,0,0,5,292
470,Meghalaya,Jaintia Hills East,2026,19,11,0,3,4,68,0,0,7,281
471,Meghalaya,Khasi Hills East,2026,24,14,21,7,53,399,0,0,45,1327
472,Meghalaya,Khasi Hills South West,2026,4,12,0,3,1,15,0,1,0,60
473,Meghalaya,Khasi Hills West,2026,11,19,0,4,3,50,0,0,4,271
474,Meghalaya,Ri-Bhoi,2026,10,28,3,13,8,89,3,0,11,360
475,Meghalaya,Total,2026,159,118,28,56,97,857,8,1,105,3679
476,Mizoram,Aizawl,2026,11,39,2,1,5,455,0,0,58,1059
477,Mizoram,Champhai,2026,9,22,0,0,0,86,0,0,0,238
478,Mizoram,Kolasib,2026,1,10,2,5,0,136,0,0,10,263
479,Mizoram,Lawngtlai,2026,6,9,0,0,0,26,0,0,5,98
480,Mizoram,Lunglei,2026,8,14,0,1,0,52,0,0,13,175
481,Mizoram,Mamit,2026,1,10,0,1,0,33,0,0,6,116
482,Mizoram,Saiha,2026,4,4,0,0,0,27,0,0,2,73
483,Mizoram,Serchhip,2026,2,12,0,0,1,37,0,0,3,98
484,Mizoram,Spl Traffic,2026,0,0,0,0,0,0,0,0,0,20
485,Mizoram,Total,2026,42,120,4,8,6,852,0,0,97,2140
486,Nagaland,Dimapur,2026,22,12,8,8,26,215,2,0,10,512
487,Nagaland,Kiphire,2026,1,1,0,0,0,2,0,0,0,13
488,Nagaland,Kohima,2026,3,9,0,0,6,75,0,0,0,199
489,Nagaland,Longleng,2026,0,1,0,0,0,2,0,0,0,15
490,Nagaland,Mokokchung,2026,5,1,0,0,2,10,0,0,2,67
491,Nagaland,Mon,2026,6,1,0,0,0,10,0,0,0,39
492,Nagaland,Peren,2026,1,0,0,0,0,7,0,0,1,19
493,Nagaland,Phek,2026,9,1,0,0,3,25,0,0,3,75
494,Nagaland,Tuensang,2026,0,1,2,0,0,20,2,0,0,48
495,Nagaland,Wokha,2026,10,0,0,0,0,29,6,0,0,90
496,Nagaland,Zunheboto,2026,1,3,1,0,1,23,0,0,0,80
497,Nagaland,Total,2026,58,30,11,8,38,418,10,0,16,1157
498,Odisha,Angul,2026,58,44,0,39,107,548,73,4,146,2950
499,Odisha,Balasore,2026,65,110,97,15,90,357,60,2,566,4305
500,Odisha,Baragarh,2026,27,56,23,17,68,199,89,7,114,1817
501,Odisha,Berhampur,2026,31,30,23,25,76,237,29,0,162,1709
502,Odisha,Bhadrak,2026,39,63,0,3,25,222,45,24,178,2807
503,Odisha,Bolangir,2026,26,56,24,13,59,199,64,19,211,2379
504,Odisha,Boudh,2026,22,24,0,9,23,35,9,2,68,596
505,Odisha,Cuttack,2026,40,58,29,10,63,170,40,27,29,2594
506,Odisha,DCP BBSR,2026,42,72,7,30,123,1432,90,27,53,5478
507,Odisha,DCP CTC,2026,36,66,83,15,38,623,28,21,82,2920
508,Odisha,Deogarh,2026,12,32,14,6,17,72,13,1,46,901
509,Odisha,Dhenkanal,2026,52,43,23,7,76,237,64,11,388,2000
510,Odisha,Gajapati,2026,17,19,7,1,0,36,32,3,84,460
511,Odisha,Ganjam,2026,75,85,17,34,64,153,66,13,410,2580
512,Odisha,Jagatsinghpur,2026,43,37,35,14,60,329,70,26,208,2345
513,Odisha,Jajpur,2026,76,73,0,16,70,397,83,49,238,3174
514,Odisha,Jharsuguda,2026,33,42,22,8,64,217,30,9,108,1431
515,Odisha,Kalahandi,2026,38,101,0,7,41,103,75,12,215,2039
516,Odisha,Kandhamal,2026,28,54,15,5,14,79,10,4,121,1089
517,Odisha,Kendrapara,2026,34,48,7,7,36,107,47,32,154,2244
518,Odisha,Keonjhar,2026,75,103,0,19,46,218,51,11,293,2571
519,Odisha,Khurda,2026,40,39,57,17,63,197,48,22,103,2291
520,Odisha,Koraput,2026,71,94,38,15,37,99,61,4,152,1357
521,Odisha,Malkangiri,2026,33,19,14,21,9,33,17,4,29,420
522,Odisha,Mayurbhanj,2026,110,139,75,12,40,252,39,32,324,2793
523,Odisha,Nayagarh,2026,33,23,28,20,51,129,48,7,37,1487
524,Odisha,Nabarangpur,2026,23,73,15,3,12,56,94,1,194,1695
525,Odisha,Nuapada,2026,14,26,0,4,20,74,31,5,136,1175
526,Odisha,Puri,2026,54,68,146,17,102,449,117,32,151,4317
527,Odisha,Rayagada,2026,29,59,44,13,17,105,49,0,102,1199
528,Odisha,Rourkela,2026,55,73,45,24,106,488,37,4,174,2670
529,Odisha,Sambalpur,2026,48,81,63,18,123,567,74,10,108,3391
530,Odisha,Sonepur,2026,16,18,27,8,15,75,22,4,46,724
531,Odisha,SRP (Cuttack),2026,0,0,2,1,19,438,3,0,9,546
532,Odisha,SRP (Rourkela),2026,4,1,0,1,21,320,0,0,10,460
533,Odisha,Sundargarh,2026,51,49,42,10,33,158,24,12,94,1655
534,Odisha,Total,2026,1450,1978,1022,484,1828,9410,1732,441,5543,74569
535,Punjab,Amritsar Rural,2026,47,31,0,0,12,124,0,6,78,1396
536,Punjab,Barnala,2026,15,31,3,0,1,96,0,0,17,791
537,Punjab,Batala,2026,22,30,13,0,3,86,0,3,36,865
538,Punjab,Bathinda,2026,55,56,8,1,2,260,0,5,77,2117
539,Punjab,CP Amritsar,2026,29,34,3,1,13,324,0,3,45,1998
540,Punjab,CP Jalandhar,2026,16,49,18,1,10,498,0,1,77,2020
541,Punjab,CP Ludhiana,2026,73,111,0,2,23,603,0,5,98,3546
542,Punjab,Faridkot,2026,23,24,0,2,10,70,0,1,16,673
543,Punjab,Fatehgarh Sahib,2026,16,26,0,0,3,89,0,4,22,920
544,Punjab,Fazilka,2026,24,52,5,0,0,80,0,4,18,877
545,Punjab,Ferozepur,2026,27,55,0,0,0,163,0,3,31,1300
546,Punjab,G. R. P.,2026,11,1,4,0,0,94,0,0,3,372
547,Punjab,Gurdaspur,2026,13,26,0,1,2,80,0,2,37,781
548,Punjab,Hoshiarpur,2026,32,43,52,3,8,207,0,7,41,1637
549,Punjab,Jalandhar Rural,2026,27,31,1,3,17,147,0,2,37,1154
550,Punjab,Kapurthala,2026,21,29,5,2,10,132,0,3,33,1105
551,Punjab,Khanna,2026,20,23,0,2,8,261,0,3,34,1132
552,Punjab,Ludhiana Rural,2026,16,14,0,0,4,162,0,3,22,1081
553,Punjab,Mansa,2026,32,22,0,1,0,52,0,5,22,793
554,Punjab,Moga,2026,25,29,9,1,4,147,0,0,39,1172
555,Punjab,Muktsar,2026,29,29,4,0,0,93,0,1,24,781
556,Punjab,Pathankot,2026,9,11,0,0,1,75,0,4,11,582
557,Punjab,Patiala,2026,45,38,1,2,4,294,0,4,66,2774
558,Punjab,Ropar,2026,22,21,14,0,4,114,0,2,52,1122
559,Punjab,Sangrur,2026,42,57,0,1,3,196,0,7,54,1935
560,Punjab,SAS Nagar,2026,26,59,0,7,6,433,0,5,57,2408
561,Punjab,SBS Nagar,2026,15,20,0,1,7,80,0,2,18,659
562,Punjab,Tarn Taran,2026,35,29,1,1,2,107,0,5,48,1171
563,Punjab,Total,2026,767,981,141,32,157,5067,0,90,1113,37162
564,Rajasthan,Ajmer,2026,45,130,38,5,46,1155,0,10,181,9197
565,Rajasthan,Alwar,2026,104,299,247,0,70,3189,5,33,256,12742
566,Rajasthan,Banswara,2026,25,146,0,0,27,186,42,6,103,2789
567,Rajasthan,Baran,2026,34,67,0,2,22,449,0,5,212,4515
568,Rajasthan,Barmer,2026,38,93,0,3,19,352,3,26,272,4388
569,Rajasthan,Bharatpur,2026,99,219,72,0,29,1549,0,36,145,10231
570,Rajasthan,Bhilwara,2026,35,54,0,0,22,799,7,8,173,7353
571,Rajasthan,Bikaner,2026,48,75,0,2,4,347,0,15,89,5441
572,Rajasthan,Bundi,2026,24,80,0,0,15,260,5,4,179,3823
573,Rajasthan,Chittorgarh,2026,33,104,90,3,41,539,31,2,145,5435
574,Rajasthan,Churu,2026,35,72,58,1,11,248,0,7,45,3847
575,Rajasthan,Dausa,2026,40,37,0,3,10,1059,11,5,150,5584
576,Rajasthan,Dholpur,2026,44,78,32,0,11,480,0,21,43,4395
577,Rajasthan,Dungarpur,2026,31,110,0,0,23,132,2,13,154,2678
578,Rajasthan,G.R.P.Ajmer,2026,5,3,10,0,10,1118,1,1,5,1313
579,Rajasthan,G.R.P.Jodhpur,2026,6,1,1,0,0,143,0,0,7,198
580,Rajasthan,Ganganagar,2026,43,180,31,1,12,422,0,17,147,6929
581,Rajasthan,Hanumangarh,2026,67,135,72,1,12,284,0,11,124,5021
582,Rajasthan,Jaipur East,2026,35,73,66,2,118,3168,61,8,165,8759
583,Rajasthan,Jaipur North,2026,16,42,104,0,37,799,4,4,75,4120
584,Rajasthan,Jaipur Rural,2026,63,80,75,9,37,766,13,13,183,6625
585,Rajasthan,Jaipur South,2026,21,56,18,1,116,1735,7,8,97,5953
586,Rajasthan,Jaipur West,2026,36,92,50,0,85,1369,3,13,118,7238
587,Rajasthan,Jaisalmer,2026,12,10,0,3,12,166,15,5,94,1478
588,Rajasthan,Jalore,2026,44,43,21,1,11,263,8,9,104,2971
589,Rajasthan,Jhalawar,2026,49,138,10,1,24,473,45,11,296,4666
590,Rajasthan,Jhunjhunu,2026,38,79,0,2,15,494,16,12,53,5277
591,Rajasthan,Jodhpur East,2026,20,25,0,0,47,456,3,2,97,2952
592,Rajasthan,Jodhpur West,2026,28,46,0,3,17,305,0,0,117,3281
593,Rajasthan,Jodhpur Rural,2026,21,43,14,0,73,537,0,6,115,2693
594,Rajasthan,Karauli,2026,34,49,0,1,16,702,2,14,104,4612
595,Rajasthan,Kota City,2026,19,100,35,1,27,890,0,3,102,5248
596,Rajasthan,Kota Rural,2026,19,60,0,0,13,157,0,2,186,2557
597,Rajasthan,Nagaur,2026,69,102,0,2,14,472,0,8,94,5743
598,Rajasthan,Pali,2026,52,107,0,2,45,420,0,21,341,6373
599,Rajasthan,Praapgarh,2026,39,202,0,0,12,133,41,12,305,3124
600,Rajasthan,Rajsamand,2026,17,48,10,1,24,206,11,6,81,2790
601,Rajasthan,Sawai Madhopur,2026,23,70,19,5,15,635,0,0,96,4212
602,Rajasthan,Sikar,2026,65,79,149,0,17,876,16,14,60,6994
603,Rajasthan,Sirohi,2026,41,51,20,2,11,126,8,4,78,2342
604,Rajasthan,Tonk,2026,30,52,0,0,7,371,69,5,129,4663
605,Rajasthan,Udaipur,2026,90,229,82,7,124,865,107,8,479,9868
606,Rajasthan,Total,2026,1637,3759,1324,64,1301,29095,536,408,5999,210418
607,Sikkim,East,2026,7,16,11,1,12,60,24,0,15,589
608,Sikkim,North,2026,0,2,0,0,0,13,1,0,1,52
609,Sikkim,South,2026,2,15,2,0,1,42,46,0,13,290
610,Sikkim,West,2026,3,14,0,0,0,10,10,0,5,127
611,Sikkim,CID,2026,0,0,0,0,0,1,0,0,0,7
612,Sikkim,Total,2026,12,47,13,1,13,126,81,0,34,1065
613,Tamil Nadu,Ariyalur,2026,19,6,0,0,8,64,30,2,23,1615
614,Tamil Nadu,Chennai,2026,161,65,12,8,72,1520,118,10,59,16861
615,Tamil Nadu,Coimbatore,2026,43,7,0,5,104,361,32,0,21,4996
616,Tamil Nadu,Coimbatore City,2026,21,5,4,5,123,353,25,0,8,4281
617,Tamil Nadu,Cuddalore,2026,50,14,68,0,16,476,250,5,3,9442
618,Tamil Nadu,Dharmapuri,2026,43,11,0,4,31,282,116,2,26,4354
619,Tamil Nadu,Dindigul,2026,61,15,0,5,67,210,77,4,29,6250
620,Tamil Nadu,Erode,2026,53,0,0,0,44,298,27,0,19,4370
621,Tamil Nadu,Kanchipuram,2026,66,16,0,4,24,466,119,2,8,8066
622,Tamil Nadu,Kanyakumari,2026,41,7,0,0,75,266,0,2,3,4041
623,Tamil Nadu,Karur,2026,20,1,0,0,16,135,43,1,20,2241
624,Tamil Nadu,Krishnagiri,2026,59,13,0,7,53,301,141,4,34,5095
625,Tamil Nadu,Madurai,2026,67,37,0,9,163,508,210,5,79,8212
626,Tamil Nadu,Madurai City,2026,33,6,4,4,118,576,23,1,22,3226
627,Tamil Nadu,Nagapattinam,2026,36,16,0,0,48,166,73,0,14,4386
628,Tamil Nadu,Namakkal,2026,35,0,11,0,31,130,44,0,48,4003
629,Tamil Nadu,Nilgiris,2026,7,6,5,0,3,44,11,0,12,1199
630,Tamil Nadu,Perambalur,2026,15,7,0,1,14,62,22,1,26,1770
631,Tamil Nadu,Pudukottai,2026,34,3,0,0,18,113,38,2,29,3720
632,Tamil Nadu,Ramnathapuram,2026,45,8,10,5,25,141,65,3,12,3819
633,Tamil Nadu,Railway Chennai,2026,3,1,0,0,20,343,11,0,4,637
634,Tamil Nadu,Railway Trichy,2026,0,0,0,0,15,111,5,0,0,229
635,Tamil Nadu,Salem,2026,58,6,10,1,24,142,91,7,46,4696
636,Tamil Nadu,Salem City,2026,36,5,0,2,59,261,44,1,12,4504
637,Tamil Nadu,Sivagangai,2026,29,15,35,6,86,182,71,3,13,3738
638,Tamil Nadu,Thanjavur,2026,70,8,24,3,68,296,158,0,62,6225
639,Tamil Nadu,Theni,2026,47,8,0,2,38,207,75,6,30,4554
640,Tamil Nadu,Thirunelveli,2026,108,36,1,2,107,289,0,5,47,8490
641,Tamil Nadu,Thirunelveli City,2026,18,6,5,0,73,206,0,0,3,1623
642,Tamil Nadu,Thiruvallur,2026,37,8,0,3,25,169,144,4,2,4037
643,Tamil Nadu,Thiruvannamalai,2026,47,16,36,1,7,278,115,6,14,4411
644,Tamil Nadu,Thiruvarur,2026,26,2,0,5,36,176,34,1,2,4041
645,Tamil Nadu,Thoothugudi,2026,89,16,0,5,65,352,0,0,44,5344
646,Tamil Nadu,Tiruppur,2026,36,6,4,3,61,220,33,3,15,4049
647,Tamil Nadu,Tiruppur City,2026,20,5,2,0,55,338,22,0,7,2490
648,Tamil Nadu,Trichy,2026,39,8,0,1,34,140,66,2,51,4688
649,Tamil Nadu,Trichy City,2026,24,3,3,0,24,307,10,0,10,3074
650,Tamil Nadu,Vellore,2026,92,12,0,7,31,750,11,3,44,10492
651,Tamil Nadu,Villupuram,2026,68,38,29,1,30,466,355,7,176,9643
652,Tamil Nadu,Virudhunagar,2026,49,13,11,2,58,264,75,3,25,4285
653,Tamil Nadu,Cyber Cell,2026,0,0,0,0,0,0,0,0,0,3
654,Tamil Nadu,Other Units,2026,0,0,0,0,0,0,0,0,0,0
655,Tamil Nadu,Total,2026,1805,455,274,101,1969,11969,2784,95,1102,193200
656,Telangana,Adilabad,2026,101,42,18,1,7,505,38,16,244,6036
657,Telangana,Cyberabad,2026,144,139,55,15,62,4182,51,48,376,19311
658,Telangana,Hyderabad City,2026,118,126,235,9,58,4266,57,22,393,18940
659,Telangana,Karimnagar,2026,109,66,37,5,36,735,87,34,373,9382
660,Telangana,Khammam,2026,76,102,0,1,15,746,94,18,351,11022
661,Telangana,Mahaboob Nagar,2026,240,169,0,6,23,1112,105,30,242,7533
662,Telangana,Medak,2026,130,60,11,5,20,787,39,34,211,6931
663,Telangana,Nalgonda,2026,114,126,24,6,30,722,129,23,447,9254
664,Telangana,Nizamabad,2026,122,36,14,5,21,712,46,25,163,7053
665,Telangana,Ranga Reddy,2026,77,51,20,1,12,183,2,10,83,2309
666,Telangana,Secunderabad Railway,2026,4,2,1,0,3,760,0,0,5,860
667,Telangana,Warangal,2026,47,41,8,4,15,302,83,17,186,4407
668,Telangana,Warangal Urban,2026,26,19,9,1,6,330,35,12,114,3792
669,Telangana,Total,2026,1308,979,432,59,308,15342,766,289,3188,106830
670,Tripura,Dhalai,2026,20,34,2,0,2,11,4,1,49,363
671,Tripura,Gomati,2026,15,32,0,0,4,53,11,9,51,825
672,Tripura,G. R. P.,2026,0,0,0,0,0,2,0,0,2,9
673,Tripura,Kowai,2026,10,15,1,0,0,30,4,8,36,338
674,Tripura,North,2026,10,26,0,1,6,33,6,6,41,510
675,Tripura,Sipahijala,2026,19,19,1,0,3,45,16,1,76,725
676,Tripura,South,2026,17,20,0,0,5,22,13,4,47,678
677,Tripura,Unakoti,2026,8,24,0,0,4,22,19,1,29,401
678,Tripura,West,2026,41,69,0,0,19,151,19,3,161,1650
679,Tripura,Total,2026,140,239,4,1,43,369,92,33,492,5499
680,Uttar Pradesh,Agra,2026,178,77,298,10,218,3512,413,87,281,9518
681,Uttar Pradesh,Aligarh,2026,179,112,404,17,242,2297,436,69,307,8793
682,Uttar Pradesh,Allahabad,2026,132,109,82,9,125,2245,129,53,309,9909
683,Uttar Pradesh,Ambedkar Nagar,2026,24,20,0,1,13,86,37,11,16,1323
684,Uttar Pradesh,Amethi,2026,36,27,42,0,20,113,43,15,78,1522
685,Uttar Pradesh,Amroha,2026,60,35,0,5,44,399,44,23,81,2826
686,Uttar Pradesh,Auraiya,2026,34,21,9,3,14,165,20,34,73,1789
687,Uttar Pradesh,Azamgarh,2026,68,42,144,1,73,387,203,34,102,2881
688,Uttar Pradesh,Badaun,2026,120,71,0,3,53,331,9,56,148,2919
689,Uttar Pradesh,Baghpat,2026,83,35,0,3,45,332,56,14,96,1844
690,Uttar Pradesh,Bahraich,2026,53,68,0,0,14,258,73,51,45,2249
691,Uttar Pradesh,Ballia,2026,36,21,27,0,28,287,113,24,71,1674
692,Uttar Pradesh,Balrampur,2026,28,19,1,1,4,68,22,13,28,549
693,Uttar Pradesh,Banda,2026,42,71,9,0,25,240,86,39,185,1948
694,Uttar Pradesh,Barabanki,2026,57,35,0,2,17,113,3,25,51,2471
695,Uttar Pradesh,Bareilly,2026,132,76,144,4,80,886,153,74,252,6589
696,Uttar Pradesh,Basti,2026,31,15,0,2,11,85,20,15,27,752
697,Uttar Pradesh,Bijnor,2026,84,80,0,4,59,434,77,26,175,3475
698,Uttar Pradesh,Bulandshahar,2026,171,82,27,11,122,841,158,55,239,4775
699,Uttar Pradesh,Chandoli,2026,20,26,0,0,27,156,39,20,92,1366
700,Uttar Pradesh,Chitrakoot,2026,33,23,3,3,6,81,12,23,56,988
701,Uttar Pradesh,Deoria,2026,42,35,0,0,13,182,81,31,68,1645
702,Uttar Pradesh,Etah,2026,65,54,137,6,63,399,110,42,114,2783
703,Uttar Pradesh,Etawah,2026,55,30,90,5,113,506,26,31,80,2721
704,Uttar Pradesh,Faizabad,2026,32,37,0,0,25,295,28,13,91,2426
705,Uttar Pradesh,Fatehgarh,2026,58,19,0,4,21,230,34,39,38,2151
706,Uttar Pradesh,Fatehpur,2026,55,58,91,3,21,217,42,43,101,2559
707,Uttar Pradesh,Firozabad,2026,140,61,0,8,92,687,201,55,131,4222
708,Uttar Pradesh,G. R. P.,2026,30,5,16,15,27,4061,17,1,64,5158
709,Uttar Pradesh,Gautambudh Nagar,2026,104,54,135,6,227,3680,191,35,161,8521
710,Uttar Pradesh,Ghaziabad,2026,166,118,127,8,114,3392,70,38,283,10088
711,Uttar Pradesh,Ghazipur,2026,64,24,0,7,32,260,113,31,69,1945
712,Uttar Pradesh,Gonda,2026,45,37,0,0,18,180,48,28,56,2021
713,Uttar Pradesh,Gorakhpur,2026,113,92,0,4,89,804,193,58,132,4537
714,Uttar Pradesh,Hamirpur,2026,31,29,0,2,18,83,34,26,97,981
715,Uttar Pradesh,Hapur,2026,42,46,69,4,35,493,40,16,62,1841
716,Uttar Pradesh,Hardoi,2026,79,39,0,2,13,275,36,40,93,2981
717,Uttar Pradesh,Hathras,2026,72,60,32,9,56,339,112,24,121,2280
718,Uttar Pradesh,Jalaun,2026,36,12,9,1,12,117,11,30,44,856
719,Uttar Pradesh,Jaunpur,2026,55,50,0,4,58,297,107,47,62,2352
720,Uttar Pradesh,Jhansi,2026,68,28,84,5,22,316,65,33,85,1985
721,Uttar Pradesh,Kannauj,2026,39,22,0,1,8,147,10,31,98,2103
722,Uttar Pradesh,Kanpur Dehat,2026,46,20,2,1,24,121,40,35,95,2111
723,Uttar Pradesh,Kanpur Nagar,2026,137,78,0,3,139,1536,233,73,261,8641
724,Uttar Pradesh,Kasganj,2026,20,19,96,0,7,192,41,29,58,1232
725,Uttar Pradesh,Kaushambi,2026,40,14,0,0,13,154,23,27,120,1945
726,Uttar Pradesh,Khiri,2026,79,49,50,5,33,611,68,51,107,3465
727,Uttar Pradesh,Kushi Nagar,2026,36,22,5,0,7,136,119,31,53,1757
728,Uttar Pradesh,Lalitpur,2026,27,25,0,0,15,59,26,12,38,962
729,Uttar Pradesh,Lucknow,2026,132,68,280,7,60,3192,174,52,392,15107
730,Uttar Pradesh,Maharajganj,2026,33,32,0,1,14,61,41,26,29,1162
731,Uttar Pradesh,Mahoba,2026,27,22,0,1,18,57,26,14,62,814
732,Uttar Pradesh,Mainpuri,2026,57,23,0,4,34,476,85,37,69,2469
733,Uttar Pradesh,Mathura,2026,86,73,158,10,89,1159,190,48,114,4779
734,Uttar Pradesh,Mau,2026,28,25,0,0,23,226,93,16,51,1476
735,Uttar Pradesh,Meerut,2026,226,93,0,18,341,3550,294,53,412,10073
736,Uttar Pradesh,Mirzapur,2026,25,19,0,0,5,45,1,26,10,780
737,Uttar Pradesh,Moradabad,2026,90,89,29,13,66,788,78,36,189,4026
738,Uttar Pradesh,Muzaffarnagar,2026,137,37,0,3,95,800,136,17,148,3952
739,Uttar Pradesh,Pilibhit,2026,54,69,12,4,29,200,13,25,107,2916
740,Uttar Pradesh,Pratapgarh,2026,72,68,0,6,53,431,200,21,165,4128
741,Uttar Pradesh,Raibareilly,2026,50,48,0,3,15,195,60,27,69,2053
742,Uttar Pradesh,Rampur,2026,54,34,94,5,25,344,34,18,54,1950
743,Uttar Pradesh,Saharanpur,2026,92,73,0,8,110,793,205,28,167,4184
744,Uttar Pradesh,Sambhal,2026,73,48,9,9,45,293,68,26,72,2087
745,Uttar Pradesh,Sant Kabirnagar,2026,28,23,2,1,10,59,22,11,25,727
746,Uttar Pradesh,Shahjahanpur,2026,88,83,0,4,62,281,42,61,181,3106
747,Uttar Pradesh,Shamli,2026,67,32,78,5,54,329,103,18,58,1674
748,Uttar Pradesh,Shrawasti,2026,15,5,0,0,5,49,16,9,31,801
749,Uttar Pradesh,Sidharthnagar,2026,17,20,0,2,16,62,25,20,27,773
750,Uttar Pradesh,Sitapur,2026,91,74,0,2,40,384,65,46,163,3923
751,Uttar Pradesh,Sonbhadra,2026,32,26,0,0,2,77,3,6,24,753
752,Uttar Pradesh,St.Ravidasnagar,2026,17,19,0,0,8,73,1,23,12,574
753,Uttar Pradesh,Sultanpur,2026,53,46,0,4,56,331,73,21,67,2421
754,Uttar Pradesh,Unnao,2026,77,69,0,2,44,334,46,31,237,3438
755,Uttar Pradesh,Varanasi,2026,52,47,0,0,46,706,79,42,176,3900
756,Uttar Pradesh,Total,2026,5150,3467,2795,294,3920,48380,6438,2469,8605,240475
757,Uttarakhand,Almora,2026,4,6,0,0,1,8,3,1,4,139
758,Uttarakhand,Bageshwar,2026,5,3,0,0,0,6,0,0,4,77
759,Uttarakhand,Chamoli,2026,3,4,0,0,1,8,3,1,9,126
760,Uttarakhand,Champawat,2026,2,8,0,0,0,6,4,0,5,96
761,Uttarakhand,Dehradun,2026,26,55,9,3,39,439,99,10,80,2178
762,Uttarakhand,Haridwar,2026,73,73,129,11,70,562,160,0,99,2505
763,Uttarakhand,Nainital,2026,28,36,1,1,5,157,47,5,38,1095
764,Uttarakhand,Pauri Garhwal,2026,6,8,2,0,3,37,11,7,12,278
765,Uttarakhand,Pithoragarh,2026,4,8,0,0,2,10,12,3,9,117
766,Uttarakhand,Rudra Prayag,2026,4,4,0,0,1,10,5,1,9,97
767,Uttarakhand,Tehri Garhwal,2026,6,7,0,0,1,19,5,0,0,122
768,Uttarakhand,Udhamsingh Nagar,2026,55,49,0,4,31,468,109,10,67,2234
769,Uttarakhand,Uttarkashi,2026,2,9,0,0,1,7,8,0,7,92
770,Uttarakhand,Total,2026,218,270,141,19,155,1737,466,38,343,9156
771,West Bengal,North 24 Parganas,2026,141,227,0,8,42,1354,330,66,319,14867
772,West Bengal,South 24 Parganas,2026,248,341,349,33,43,1523,2164,53,313,21049
773,West Bengal,Alipurduar,2026,49,118,116,4,2,654,10,2,83,3355
774,West Bengal,Asansol-Durgapur PC,2026,52,58,28,5,12,642,185,28,160,4738
775,West Bengal,Bankura,2026,75,79,7,5,32,241,162,18,121,3049
776,West Bengal,Barrackpur PC,2026,86,77,70,3,13,1220,73,21,201,8087
777,West Bengal,Bidhannagar PC,2026,18,24,30,1,8,568,63,6,97,3014
778,West Bengal,Birbhum,2026,110,82,57,11,43,385,235,8,99,3749
779,West Bengal,Burdwan,2026,133,121,98,7,28,732,269,12,273,7694
780,West Bengal,Coochbehar,2026,80,141,126,0,8,387,59,21,151,5142
781,West Bengal,Dakshin Dinajpur,2026,44,64,187,1,4,200,10,13,51,2372
782,West Bengal,Darjeeling,2026,29,60,36,0,9,368,7,0,95,2418
783,West Bengal,Hooghly,2026,125,110,277,4,20,1076,376,34,226,8858
784,West Bengal,Howrah G. R. P.,2026,82,77,135,2,9,284,127,5,181,5259
785,West Bengal,Howrah PC,2026,43,43,0,2,29,1126,32,4,318,6273
786,West Bengal,Howrah Rural,2026,11,3,5,4,2,288,1,1,13,445
787,West Bengal,Jalpaiguri,2026,57,129,15,0,9,764,11,16,199,3832
788,West Bengal,Jhargram Police District,2026,28,29,1,1,4,113,26,3,70,803
789,West Bengal,Kharagpur G. R. P.,2026,7,0,1,0,2,155,2,0,6,213
790,West Bengal,Kolkata,2026,83,154,127,4,33,4623,316,12,585,26668
791,West Bengal,Malda,2026,102,252,15,9,26,429,46,31,331,6432
792,West Bengal,Murshidabad,2026,158,474,275,2,19,947,84,36,526,14762
793,West Bengal,Nadia,2026,166,204,0,13,41,1017,133,50,192,11790
794,West Bengal,Paschim Medinipur,2026,104,91,0,3,47,745,243,21,558,5791
795,West Bengal,Purab Medinipur,2026,100,112,52,6,25,544,434,27,159,6778
796,West Bengal,Purulia,2026,72,72,17,5,17,190,71,4,142,1800
797,West Bengal,Sealdah G. R. P.,2026,23,7,0,0,0,346,5,1,46,655
798,West Bengal,Siliguri G. R. P.,2026,8,1,4,1,1,148,0,0,9,220
799,West Bengal,Siliguri PC,2026,46,72,123,0,15,1125,6,2,165,4623
800,West Bengal,Uttar Dinajpur,2026,90,187,284,9,63,721,29,9,157,8312
801,West Bengal,Total,2026,2370,3409,2435,143,606,22915,5509,504,5846,193048
802,A&N Islands,South Andaman,2026,5,19,10,0,2,35,10,3,27,556
803,A&N Islands,North & Middle Andaman,2026,2,11,4,0,0,10,0,0,14,159
804,A&N Islands,Nicobar,2026,1,2,0,0,0,0,0,0,0,31
805,A&N Islands,Total,2026,8,32,14,0,2,45,10,3,41,746
806,Chandigarh,Chandigarh,2026,24,59,115,6,65,1260,33,2,87,3221
807,Chandigarh,Total,2026,24,59,115,6,65,1260,33,2,87,3221
808,D&N Haveli,D&N Haveli,2026,4,5,14,0,2,38,6,0,2,277
809,D&N Haveli,Total,2026,4,5,14,0,2,38,6,0,2,277
810,Daman & Diu,Daman,2026,6,2,6,0,5,29,4,0,2,198
811,Daman & Diu,Diu,2026,1,0,0,0,0,2,0,0,1,35
812,Daman & Diu,Total,2026,7,2,6,0,5,31,4,0,3,233
813,Delhi UT,Central,2026,30,91,286,4,288,4124,6,7,212,8932
814,Delhi UT,Crime Branch,2026,0,1,1,0,0,0,0,0,1,52
815,Delhi UT,East,2026,61,230,603,2,789,9437,24,15,446,18642
816,Delhi UT,EOW,2026,0,0,0,0,0,0,0,0,2,85
817,Delhi UT,IGI Airport,2026,1,0,3,0,3,157,0,0,12,453
818,Delhi UT,Metro,2026,0,1,5,0,4,2198,1,0,28,2309
819,Delhi UT,New Delhi,2026,6,20,44,0,63,1252,22,2,56,2421
820,Delhi UT,North,2026,31,60,264,9,353,4309,14,6,180,8201
821,Delhi UT,North-East,2026,84,237,928,14,1286,8185,25,27,492,16904
822,Delhi UT,North-West,2026,48,165,661,13,734,7341,8,14,404,13251
823,Delhi UT,Outer,2026,87,259,1192,11,1009,10031,13,22,428,20320
824,Delhi UT,RAILWAY,2026,10,1,31,1,62,1455,3,0,19,1816
825,Delhi UT,South,2026,40,280,626,2,496,8670,16,6,595,17371
826,Delhi UT,South-East,2026,67,266,626,11,394,7557,20,24,469,14914
827,Delhi UT,South-West,2026,66,234,619,10,403,4632,5,17,494,11320
828,Delhi UT,Spl Cell,2026,0,0,0,0,0,1,0,0,0,14
829,Delhi UT,SPUWAC,2026,0,0,0,0,0,0,0,0,0,161
830,Delhi UT,Vigilance,2026,0,0,0,0,0,0,0,0,0,0
831,Delhi UT,West,2026,55,251,762,5,580,9404,3,13,484,18488
832,Delhi UT,Total,2026,586,2096,6651,82,6464,78753,160,153,4322,155654
833,Lakshadweep,Lakshadweep,2026,0,1,0,0,0,15,9,0,1,81
834,Lakshadweep,Total,2026,0,1,0,0,0,15,9,0,1,81
835,Puducherry,Karaikal,2026,6,3,1,1,1,33,5,0,12,671
836,Puducherry,Puducherry,2026,19,7,7,2,5,391,34,1,20,2913
837,Puducherry,Total,2026,25,10,8,3,6,424,39,1,32,3584
